id,name
226624,billys mom
273066,other scott
109204,ed reynolds
161226,robs mom
71272,regina lampert
144346,al
201632,mick
120516,jack
134232,large
284720,christy
237584,sam
261037,jeff
117947,young hazel
132505,schuyler
251490,p.k. newborn
16483,karl mozart
53595,dirks father
41944,young danny
264982,bearded man
257162,richard
131177,georges mom
336983,ted
166016,young sidney
190486,bertie
312183,epps
31278,wills
312219,jaeger
112510,young joel
142711,memphis
5153,will
65422,young emily
141450,clay
199319,ray
305650,grace
75893,samuel
54912,cass
248000,
323328,singer
282647,young clarice
60716,young tom
261082,jim stark
217040,winn manchester
117939,gus mom
143436,o'shea
127183,charlie
98289,andy
33719,"brian, age 7"
344664,young terry prescott
149385,budnick
104750,stephanie
184260,sean brody
110352,mrs. anne treves
299332,miguel sugar santos
21689,lisa templeton
15461,mary
300092,young rose
220010,jay
271471,pamela
34424,megan burnett
259879,janet
43983,shephard
112401,young clementine
320936,rush
232669,drew
210118,b-rad
232832,parker
16497,young salieri
248090,max
14135,john
298940,cameron
227224,alice
96116,billys aunt
60470,young aaron
38822,sgt. major
37270,roderick 
106481,groucho
312249,wes
235401,jacob
342004,nina
149900,hannah
192207,tenzin gyatso
176919,chris mccandless - age 4
313932,mike
33942,stephen
24002,annushka
111722,ed masry
219691,kay
215241,jenny
219223,master mind
261393,isabelle
70784,conners girl
19807,drew
300082,young norah
281335,macy
280463,wendy torrance
168821,cristina
37269,roderick
268826,carson
120519,jack 
242437,mary tudor
318356,quail
192954,young man (uncredited)
229717,john brown
260074,hi
130074,lila littlewolf
161486,taupin
201813,bianca
125959,meagan
248932,clacker
161404,brenna
214548,claude
155495,hammer
276377,mom
271130,patrick
5600,jack
201823,jake jardine
278631,1954 landlady
242240,young anne
75823,hctor
224404,mini 
141400,anthony the ant squigliaro
313613,reilly
220019,kay
78003,swat
91763,"klaatu, alias mr. carpenter"
223965,preacher
297909,eazy-e
326463,v follower (uncredited)
111013,almsy
156008,angle
306444,prescott
173363,young henry
340746,"""hunk"" / the scarecrow"
258558,vanity
181157,will
288588,percy
256715,watts
195226,hawkeye
229525,john cedar
183789,rizzo
84618,sami
317227,harmsway
328716,moss
51454,cardenas
291546,flors husband
14406,jetson
313169,cooch
119806,terrence mann
278701,red 
201845,tony calvelli
142003,nick
145575,nick 
235408,friend
158767,larry cotton
292822,ock
150272,angle
137077,team blaze
315931,ann smiley
143753,elaine robinson
179191,jennifer
237013,swanas restaurant guest
343504,thomas logan
156276,bella
219685,jay
327557,liz
258195,young butch
109808,amos
71084,dyle
201828,leonor
314383,time traveller
67148,himself (as joe garagiola)
14533,hiroko
210719,pinta
78438,rose
310713,the president
327427,adam berkow jr.
320445,flynn
155366,honora
259031,jesse
31529,dancer
88674,lt. doolittle
264607,mank
258543,prince
345985,keenan
231227,kimmy
129052,ryan
231048,andy clarke
142706,kip
55464,marine
160107,amy
74490,veronica loughran
92482,warlord
183838,yllo
21089,jack goodman
65572,lucy
261717,d'agosta
292810,liz
260415,brewer
144835,mae
271748,rice
59051,brians mom
311967,doc
63371,hal
162267,hartman
58637,john wallace
36905,mona
33939,shadow
318514,cara
21674,delaney
292843,fireman
6022,omp
172858,aide
340755,tin man
127914,amy peterson
307596,jodys mum
262748,chris
133853,johnny sirocco
145038,ryan 
252528,schaefer
260224,
177482,cinderella
254429,gabrielle valadon
85035,jen
262885,wesker
183617,delongpre
177800,jack
251484,morrie gilbert
315381,sam
88061,white
297881,ice cube
4447,jakob
273099,wallace wells
120991,wolfie
154298,angela
7850,fred
59470,mr. blase
346038,sydney (male)
87098,
119772,continued
158479,johann krauss
294872,padm
84631,sami
161411,conor
336948,julie
17358,young jane
2810,continued
87643,guard
320912,krod
273271,man
28709,o'hara
129135,
181640,
254105,buttercup
125824,erwin
345215,nick 
73733,susans maid (uncredited)
111083,the patient
129105,
71023,adam
334988,clifford
73535,mr. bernstein
72715,older lucy
317482,sidney
129051,
129062,
129090,
14026,abbot
206573,chang
53524,dancer
100730,diane
266511,frank
47268,frosts goon
97312,jeremiah jam bruce
320917,mega
215929,robert lewis
40619,shauna
269572,chris
6452,seth
295545,threepio
286843,youngest salim
229532,cabby (uncredited)
173660,marion
266270,mike
157163,pincus
207721,deng
247444,geoff
26489,muffy / buffy st. john
18788,edith greensly
269010,miranda
181099,richie
95290,helen
148885,horus
109090,tracy
74383,caitlin bree
218866,d. b.
290000,ellie keegan
273022,knives chau
327261,angle
180827,beverly
116023,jeff
293300,kirbo
122162,tita
157787,"young ""broom"""
112939,denny peters
64185,nelle
302387,o'ryan
320929,plexor
104726,ray
319566,hot rod
228353,mr. johnny
183821,thorgan
287958,vincent
18065,bobbie
222983,ivan ooze
22813,anya
133805,boss tweed
85036,li
72692,older edmund
343714,petra
127796,amy peterson
41931,carleton
307414,casey shaw
207307,elektra
259045,maudy
336452,robin
142733,sway
117435,the rat
216033,vincents secretary
318499,ackerman
126890,sean robertson
73143,the kid
330506,wall-e
174568,col.landa
143450,dr. adam smith
148073,laura
177843,lrrh
292361,remmington
95366,vince
160928,dad
254127,fezzik
205957,ed
262840,jill
231130,digger
271472,pamela 
235436,scott
184181,sean brody
129384,teen elsa (voice)
287886,hands
189785,manny
137299,nomi
232286,tommy brown
236951,comrade kopalski
305659,inspector laval
336417,john
174754,lt.aldo
39800,wink
166500,alex
143311,brian maher
246753,ellie creed
267350,ma 
213945,paul
306808,priest
59038,allisons mom
332090,callen 
171802,f
21443,father benedetto
257091,geoffrey
125953,jesse
58100,jill
43316,judge
288085,kabuo
209520,bembry
197873,doris
66423,goodchuck
299573,black man
247384,drew
19808,drew 
135945,rod williams
292381,sprittle
120256,zorgs man
111289,erin
42418,lady mansfield
334459,rosario diaz
173897,short round
5118,jay
125672,julie
14572,kamen
47147,leroy 
313057,milady
207285,benz
92735,coco
241312,criswell
198536,doc
134486,investigator
91433,john
294873,padme
161476,romirez
78612,
41411,bobby
183586,brodski
345055,estelle
12620,rose
309804,student
326296,
19694,angle on drew
180821,ben
287841,btt
314802,david simms
249970,dick van dyke
330331,eve (voice)
7858,hank
174756,lt.hicox
75886,mam imelda
73760,thompson
95041,albert
276321,dad
92346,deadpool 
159021,jp
253307,lyrics
321288,redykulous
58332,sheena
46325,
117949,young hazel
337801,angel
142552,donny astricky
21695,dr elliot mixter
312095,interrogator
260942,judge
74789,maggie
336442,phil
62258,skip
141111,
264983,bearded man
132455,david
228466,
160986,grandma
219170,hal
336158,judy haynes
133258,pandit nehru
273294,randy meeks
136796,redbeard
125572,ernie
180559,ester
23708,rocher
320493,tron
117147,
217755,
309209,barnes
41410,betsy
72470,cut.
414,kenny
84613,raymond
289554,tyler winklevoss
336998,uncle billy
39801,wink
16487,young salieri
242436,
131676,breaker
269070,carter 
243381,cooper (uncredited)
132133,elliott litvak
205146,gamling
14530,guttierez
260614,kirkhill
345201,lefty
84601,marcel burot
297509,mikey
162396,murphy
294655,nabrun leids (uncredited)
180612,scheer
337769,angel
52144,bill
225352,claire phelps
180557,dr. sanger
133451,elliot
317882,fungus
69626,greer
144,heather
14892,lieutenant s. gorman
318991,
213830,abigail
280490,bunny
261061,buzz gunderson
298945,chuck barton
297280,frank mccarthy
249632,gardner
84593,julien
275367,live aba radio
108657,olive 
302388,o'ryan 
189175,pai mei
28689,sergeant brophy
270062,tanner
102085,ace woody
266160,apollo creed
133408,arthur baylor
131348,c.o.
213105,doctor
114618,lancelot
208783,lardner
107866,latesha
189003,nikki bell
227090,stu-bone
191974,thelma
239084,
84396,agent hadley
96878,agnes (voice)
36688,cheeba
52155,cinnabar
141991,colonel hicks
312188,epps
290848,goodwin 
245074,lee
208787,leo
19662,price
320943,sinclair
91529,toby
285448,becky
33552,bobby
336630,doc
298,grace
238572,julias child
24310,lili oblonsky
324259,megan
209512,preacher
251504,solly
66251,badchuck
19797,d.s.
257057,debbie
202290,hatchet harry lonsdale
123791,lava
157753,malahide
91447,mary
173139,moishe
191909,on ted
63430,palmer
187714,robert muldoon
176181,roth
172358,suzy
95318,axel
246292,jerry
92772,kurt fletcher
143783,mr. robinson
297389,philip
113855,annie knowby
177446,c's prince
197003,donovan
43987,edward 
271368,ginty
220011,jay 
7286,judge randolph
161442,knight
126105,marie charnier
59476,mrs. blase
273789,the voice (voice)
302792,toby ragg
57282,walter
237374,wendell
11013,woman
336277,bill
320467,mcp
274014,mills 
98290,andy 
67027,bartender
221659,bell
241309,bob
262156,caroline hawkins
327649,cox
213862,deutsch
289330,gretchen
301160,helen
335102,john
344017,maya
165544,otis b. driftwood
340741,oz's voice
207955,paige #1
227444,richard
320482,sark
264402,stewart
313622,t.j.
143456,una maher
232889,warren
315398,wing
326319,young evey
199986,adult pi
336812,dad
187221,fergie
165242,general bizimungu
217263,gregory
256857,mary
125965,murdoch
65873,remo gaggi
171957,ric
13532,ali 
292459,beth 
344307,chris parker
298257,close shot
200197,cut.
150830,fell
262670,freddy
133495,helen
259880,janet
43377,man
275699,margaret dashwood
53688,maurices brother
184156,mayor larry vaughn
247832,miguels dad
142718,otto
178488,ruth
155579,santa
314410,time traveller's voice
182885,waitress
262740,ada
203363,celie
72985,craigie
142543,detective castlebeck
180555,diggs
85378,elly
278876,eric
235335,friend
245561,inspector
227399,jean-pierre
181845,joseph's voice
75686,julia
217181,malachi
142714,mirror man
36903,mona
181382,oscar shapeley
181602,oscar shapeley
228953,snyder
35155,tim horn
242320,
202098,ac
29667,carla
184307,doug fetterman
47588,eldon tyrell
229643,judge may
261865,kawakita
336419,lawford
192170,lord chamberlain
101395,marshall
213917,mitchell
219257,plato
240692,ruckley
342074,sameer
292857,weiner
38982,bernie
34590,braddock
149193,chastity
296765,first a.d.
317930,ice
261863,jonathan
219692,kay 
157748,kyle macrae
248088,marcy dawson
139798,pete clemenza
199500,peter
11733,pop
92794,reggie
94048,vogel 
222866,alpha 5
127184,charlie 
180545,crowne
60096,dana
190506,david
145659,del
63492,dr. redfield
92754,gabe
134594,glenda
152740,hank
248935,jack 
112716,jelly
201633,mick 
91488,sarah
289640,sartorius
107947,scott
221020,solis
218168,teresa ronchelli
142745,toby
112564,
57898,winnie 
313638,winters
142529,atlee jackson
262744,barry
36675,big black
122023,bobby 
60498,buddy
125198,dad
78058,don luis
259712,emma
191786,gressen
286801,jamals mother
232273,jimmy reese
80094,king pin
46517,kobo
126493,ned
52063,nicki marron
304236,olive (4 years old)
239219,reyes
292836,roz
234886,sally / shock (voice)
234976,sally / shock (voice)
170788,sandy carver
184453,sean brody
332322,sheridan 
298007,suge knight
88691,talby
12659,v.p. chandler
199147,virginia
48960,adam
270678,alan yeah-yeah mcclennan
197859,black falcon
33233,chulo
73358,debbie
283831,dr. patels wife
142624,freb
63395,gardner chubb
157875,grigory
174763,major dieter hellstrom
201649,raul
261411,roxanne
265622,sanchez
289922,sloan
181123,stan
7157,t
304413,tammy
100369,trudeau
229701,walter
59627,x
79937,butch
16489,count orsini-rosenberg
305589,director gillet
8827,fox
155496,hammer 
30170,johnna monevata
85037,lo
268761,lord hesketh
273518,man's voice
223020,mordant
198019,neckbeard
190360,patten
174804,perrier lapadite
74185,ram
101414,reinhardt
80124,rottovich
244401,sharonda
48560,si
144328,smokie
152587,the adelies
335144,tracy
199988,adult pi 
195585,algren 
133267,apte
173524,belloq
169942,beth hobbs
88665,boiler
208409,dixon
277480,doctor
113961,jake
96365,man killed by french
81223,mel
143777,mr. braddock
210425,phillippe
208282,quiet man
87783,ten bears
132256,toyota
199341,adam
247,ashley
188930,b.b.
318724,barbara
123753,betty rubble
88668,bomb 20 ( voice )
142535,calitri
203353,chet
29500,contractorscreen
65713,cop 1
37050,countess
85740,curve
268840,dave
103861,doors song
164477,howell
202020,john
85527,lao
208503,marcie
97788,miller
23690,mortati
231394,mr. jake bixler
104473,neff's voice
251492,p.k. newborn
200060,pi 
162400,pinkus
313612,pooch
339426,president grant
237353,proprietor
336450,rick
39545,two-i-c
179473,barbara
38159,batman
249911,biff
155440,chief
48887,chloe tainer
331558,dad
78400,dale
37354,his pov
178448,kenneth
95832,lila
320507,lora/yori
133586,manny landrew
336165,martha
319643,megatron
172337,michael rodgers
43378,mom
291582,narrator
138857,nils bjurman
295068,rancor
138058,reporter
259746,sidney
274046,somerset 
266558,wipe to
108030,woman's voice
458,yacco
243466,
42464,amy
199533,belyeus clerk
41927,billings
184271,brooke
29666,carla
137099,carrigan
50592,cindy 
90453,clara 
16513,father vogler
335043,garber
14534,hiroko 
280009,jasmine
256850,john
119166,joyce
327399,kathy
230985,lexi at 5
58545,lochlan
151275,mapp
85172,matt
162342,mccue
336969,principal merkin
151588,psychiatrist
146192,rand
303105,reverse angle
231952,roger smith
181147,travis
142748,tumbler
243149,
337491,
10326,abigail craven/dr. greta pinder-schloss
167498,admiral james greer
216080,aunt catherine
273615,ben
258504,billy
84405,bonanno
319783,springer
29892,carla
188252,carlson
259209,charles valet
37578,childs
272108,continued
38672,cpl. nick stavrou
124422,dave 
164248,drummond
239093,erek
101829,giles
83870,heather
212589,helen moss
103644,hogue
106352,johan du toit
10143,kaufman 
183758,kkinsa
247957,leon
240861,mai
243577,mateo (uncredited)
336959,mom
158024,omit
83284,ricky verona
161227,robs mom
52947,tom killian
286321,trevor
326468,valeries mother
314427,weena
179874,young carol
84633,zero
315932,ann smiley
249041,audrey
292455,barnes 
306108,caz dolowicz
173870,chattar lal
134528,cliff brumby
74488,coroner
159802,elizabeth leefolt
92756,george
289422,jenny
336942,jimmy
180576,katherine
318326,kirsten
243548,leland
34884,lucian
108639,meerkat todd
331302,rocket
192951,sarah
302896,schwartz
128062,scott fuller
202185,sound
150593,special agent john brigham
130433,tatiana
26122,willard 
342377,
74375,activist
290793,announcer 
291107,anton 
79924,ashby
103560,berada
187157,central
336804,christy
161420,dupont
104622,ellen
261003,gunnison
312225,jaeger
324248,jeremy
219218,john cusack
169574,johnny 
121755,kat
189135,l.f.
103676,lebow
80102,lupus
161216,marco
13210,mary
247959,mavis' voice
110171,mrs. anne treves
143787,mrs. braddock
192187,norbu thundrup
249820,o'neill
107285,padishah emperor shaddam iv
229712,prince of wales (bertie)
137346,rain
177022,rainey
177075,rainey
148970,roheim
16500,schlumberg
71287,sylvie gaudel
125156,symington
336459,terry
149386,vick 
193849,
326182,
318500,ackerman 
201859,angel
58093,annie
35661,ariane
204329,billy
187784,bizzlebek
103566,boobie
159416,bret
313893,brody
176920,chris mccandless - age 4
144652,clerk
306873,close shot
208654,clyde
1798,cutler
326313,derek
143318,dr gleeson
152456,ella
148420,fred 
146081,gary
266514,guests
125619,hertz
412,jim
234181,karla
335818,kathy 
79274,khalar singh 
62422,maryanne conroy / donna mitchell / rebecca browning (voice)
230244,may pearl
297994,mc ren
320916,meg
82659,miles
192182,mother
270536,narrator
231936,olivier 
118736,para
219251,pat morita
75895,samuel
233627,sarah
160043,skeeter 
131515,slutnik
299350,sofia
288880,stuart
146273,tracy
8278,
325411,young ellie (voice)
195693,zebulon gant
144536,zinnowitz (as purnell b. pratt)
226059,
136544,angle
322685,bella 
311957,bill smithson
37042,capt. grogan
45311,clerk
298281,closeup
235296,david
196443,davies
34606,detective cobb
208943,doyle 
90481,
238132,eckard
331569,emilie
91403,gasparilla
58198,grandma
312559,graton
51221,hardin
145708,harry terwilliger
7217,howard
312043,imam
84258,innes
131445,instructor pyro
228555,joan blandings
256298,jude
104838,king
133218,kinnoch
84595,lamar
130075,lila littlewolf
315352,looney
174749,lt. aldo
111655,mac 
148062,margo
239217,patrick
54419,poppa il duce
241840,rate
199505,ryan
237905,sari
226774,schott
205182,smagol
137390,starke
13343,ted 
170573,victor
312164,walter wogaman
217814,
160068,amy
294319,b-9
84400,bastaldi
304946,bryans boss
82995,carlito
38670,chris
256741,coroner
230647,curator
134099,cynthia
60306,flight attendant steve
1072,ford lumber buyer (uncredited)
20015,gao
26073,gaston
336377,george
320904,i-beem
262538,kevin
114851,levi
255273,little old lady
117092,lou
207041,lydia 
124896,marchand
344016,marlak
208673,mayor ernie cole
68616,millie
171460,mr nick
328137,mr. shah
244111,norman 
101405,o'connor
231941,paula
199316,pike
144494,pimenov
22308,raoul
342364,robin
89912,rudy guzman
335136,sacker 
155580,santa 
174824,sgt.donowitz
186069,shaw
14800,st just
125742,stuey gluck
144519,suzette
188505,taxi driver
285345,tess
243170,todd
5146,vaughn
152634,wishful
165412,zozo
242460,
14456,ackland
227225,alice 
328407,angle
133383,baker
319879,bragnae
80286,chaz
230298,cowboy
298052,dj yella
11246,doctor lizardo
97773,easy 
140994,elizabeth
106193,emily ngubene
310518,general taylor
60986,hale and terry
343434,hines
148446,hog-head
46247,jane chambers
84591,joey two tons
125667,juan
249587,landon
222103,leo stein
316174,lewis bodine
320463,lora/yori
184408,lucy
160008,mae mobley
174766,marcel
65588,margaret sullivan
97787,mason
121096,mickys friend
23313,mother
155563,mrs. carver
69132,novak 
42437,oliver ashford
88595,prisoner
158776,prudhoe
312589,punk 1
147870,quill 
262861,rodriguez
162407,schwartz
204921,strider
118753,trampy
326283,
14601,york
258362,young butch
207202,young lena
286844,youngest salim
99352,argyle
330274,autopilot
183563,azrael
60873,baird
40214,bb
238775,bruce
130336,cato
150717,crawford
188419,darcy
92349,deadpool 
320434,dillinger
208669,eldridge
196449,emma
315340,gil
256286,henri-anne
177807,jack's mother
280749,janine tudor
215242,jenny 
258526,jill
201599,judge fullbright
183751,kicker
72936,larch 
217037,mary sue
272444,mila pfefferberg
217056,mother
185375,needy
201836,nick
208807,old tim
331705,peter
187733,regis
75898,samuel
64204,shawn
104862,simon
317490,stamper
183308,stern
238891,stevie
17078,t
250272,
138868,young frode
193689,
253618,aaron
8770,agent neeley
118563,belle
218336,bishop 
123876,bubbas mother
72775,buster
292131,cass jones
298293,closeup guy
76035,det. cragie
318530,domenico
335006,duncan
218612,easter
205915,ed
219113,einstein
195606,emperor meiji
200023,father
106257,father-in-law
41476,hermas
187836,inspector
204259,jesse
292322,katsu
256299,kelly
247956,kelly's voice
198000,king karl
14140,kyle
224391,m
160570,madame ranevsky
315360,masters
95291,merle 
336424,mike
341517,miss antonia tony sloviak
315364,mouse
104459,mr. jackson
188207,omitted
187876,oskar
312580,paul
292362,remmington 
177993,r's prince
116102,sawsan
102319,scotty
256874,sheriff
322159,simeon
287518,sir ivy
138073,slimer
80130,sobozinski
189236,sushi chef
304256,tammy
28692,taxi cab driver
335427,tomas
155037,towner
269047,walther
125790,worm
181393,zekes wife
181613,zekes wife
301489,alura
1550,arojaz
122877,atc
248802,barbossa 
276302,birdie
199351,bryan
160074,buuel
318515,cara 
144797,caretaker
208553,"chad, seduce & destroy"
82503,chambers
91372,chico
245507,clapper boy
260447,de fravio
26673,deferlito
71082,deleted
71879,doctor
30605,fat bastard
160106,father hawkes
41537,flemmer
226939,herb
306237,
280724,janine tudor
126821,jim miller
146389,kaggs
97316,kenny
20082,li
160158,mary
88003,mister black
46542,ohashi
123813,piltdown
269023,president
111483,queen elizabeth
84612,raphael
292833,reiss
216785,rorschach doctor
80628,stickman
262498,summerall
339603,teemo
298208,tran
44463,
32065,
115371,woman
237591,young adam franklin
16488,young salieri
239198,
319054,
326264,
339760,abby
201807,acting teacher
152409,adelies
312536,agent 1
256213,alex
121774,anchorman
117480,arch
108293,azim
92784,black mitch
235284,blade cop
268823,bobbi
175958,brand 
334807,caitlin spencer
273360,captain down
22143,chapin
326306,conrad
269890,dannytom
45394,deke
94490,detective russo
87043,dr. vass
160934,dustin
310446,ecker
207308,elektra 
302948,elwell
205720,fennel
249805,gardner
92759,gordon
165476,grampa
165156,hutu captain
297366,jake witzky
201082,james ashley
66081,jennifer santoro
232846,justin
253217,kross
21458,larry 
26059,lieutenant carlsen
188484,linda
321926,malik
286001,marsha
116055,mike
232805,mrs. lo biancho
112530,naomi
232262,norman
122117,on bobby
195017,oonagh
54629,priest
262856,rebecca
190365,receptionist
322526,rene
137356,rhymer
223995,siri
92810,sofia
126910,suzy
240423,topher
302907,zoe stevens
223177,zordon
217705,
242467,
276056,
297210,adam
203329,amado
247355,amanda gilbert
7464,arnold kline
19782,ashema
292619,aunt may
291779,avi
285447,barbara reed
64948,brent mustangburger
310429,bundy
242503,burdon
301723,canter
69975,cara lockwood
265363,carla pestalozzi
114793,cashier
314735,clint
251517,commandant van zy
144658,cop
292152,cruncher
296577,deladier
5725,dixie walker
296730,doc wilson
216297,dorianmask
33567,dr. harris
110609,
210828,ed
109434,ed reynolds
158964,elliott
165247,gloria
30627,guru pitka
1078,hamilton
21684,hardcastle
188446,harold
74416,heather jones
212590,helen moss
12764,hinshaw
191789,his pov
305661,inspector reynaud
39152,jennifer
22748,jimmy boots
292318,johnny
265986,johnny story 
109794,joshua
201825,julia
161439,kahn
344432,kath
134996,kathryn
297367,kurt
181046,leroy
110077,lisa flanagan
281336,macy 
174760,madame mimieux
53306,malcolm
286290,margaret
302881,mary
236824,maslows aide
34506,max
10938,mccrady
340476,mcelroy
210411,michelle
248945,murtogg
21698,nancy
86824,ngunda oti
108658,olive 
125131,omitted
78241,on cat
19661,owen
21706,pemberton
266009,pete
176907,rainey
335737,roman
191310,ross
310682,rusk
173673,shaman
143252,shelley
228144,skotak
318034,slider
188503,stanly
72641,steve 
166465,stoick 
279007,talon
198055,ted
241355,the mummy
284428,tiffanys mother
155595,tiny tim
245669,tony
266298,trainer
341539,vernon
256346,vicki
18158,wolfman 
313357,yellow bird
183494,young jane
248467,
3891,adrian
189405,allen 
268810,ambassador han
38978,annie
24003,annushka
40069,belles mother
190487,bertie 
334575,bessie
57034,bevilacqua
45208,birdman 
82506,charles
221690,driver
297251,elizabeth
53961,engineer
121640,eugene dix
283057,ext. marty
85450,flash ends.
144330,fong/spider
219162,frank
54683,gino marzzone
217398,gizmo
222952,goldar
306222,grey
83103,h
65563,interviewer
261859,ippolito
211802,j0
283971,jakes fianc√©e
306344,james
292474,jane edmunds
345986,keenan
213102,kevin graham
263716,kids
134237,large 
192162,lhamo
116046,libby
342294,little girl on bus
125958,lizzy
186038,marina oswald
6769,mary's voice
22288,masiello
310651,mccone
51083,mike
77774,mike
112933,miller 
73464,mom
181766,mr. gower
71875,mrs mastrioni
270537,narrator 
256318,nick
80871,nikko
213852,nurse
189156,o-ren (anime sequence) (voice)
273067,other scott
75926,pap
76188,partida
331286,preacher
104812,princess elspeth
273550,randy meeks
211549,red
330126,robby
331696,rose narracott
125978,s.w.a.t. commander
269030,sabatini
269802,sam 
85047,sir te
136473,slim
295355,snow creature
168152,soldier
112211,spinal
315386,stanley
83267,t
291776,tariq asani
336986,ted 
18015,teddy
103754,terry
338882,theo
18022,tosca
326279,verbal 
256343,vicki
233762,weasel
303153,wife
124931,willy 
18157,wolfman
43465,woman
220159,yaz
189296,yuki
231076,
148326,baker
184514,banky
40226,beaviscornholio
73929,betsy
277319,big 
199350,bob
298941,cameron
81071,charlie
240720,choi yan lee
69577,craig martin
230303,cynthia jenzen
118229,da
276324,det. bradford
124951,dick
37055,dorothy
146049,dorry
314157,dr. hillyer
297898,dre 
187200,dredd
320441,dumont
83036,
76264,esco
29508,escort
234145,ezal
221699,father
228501,funkhauser
265473,general kramer
101367,grandma
163096,guide voice 
232716,hogan
199258,hoppin' bob
16919,
217422,int. hovercraft
57198,jim
33125,kenji 
116922,kristofferson (voice)
261866,larry
132222,lillian rogan
247816,lisa miller
255297,lsd
146156,lynn
78226,mama
117094,man
130496,man on el
134656,margaret
274857,mark chatham
183509,martha
248092,max 
101398,mickey
181059,mr. marsh
227422,nikolai
315861,oliver lacon
136674,omitted
266005,one two 
433,patrick
60701,paul moore
227429,penelope
192698,pinker
91449,pvt. miguel salazar
280434,ranger
177996,rapunzel
213956,rob
142223,roberta trett
313958,sam
159044,sandy
119209,secretary
245661,sergeant
343727,slovo
235442,sound cop
200695,steadman
178053,steward
310714,the president 
22323,tony bella
221626,towny
321350,tran
11742,twombley
168175,uprange
82698,vanessa
167026,veteran 1 
102998,vi
262731,vic
46323,vogel
90194,
183314,
302902,wanda
84628,wayne
312251,wes
78313,william woodgard
223176,zedd
278645,1946 d.a.
92293,ajax 
107547,aria
228763,asian attorney
309207,barnes
84933,bo
138446,br ig itte
168817,brad
145644,brad
101340,bruno
306103,bud
248625,budlofsky
256740,burrows
189572,cab driver
249945,closer.
88688,comannder powell ( voice )
119014,cu. ferris
329428,dad
269887,danny 
311966,darlene
109861,dave novotny
45395,
92358,dopinder
260453,doyle
56779,dr. albert hirsch
297031,eddie niles
223093,eugene skull skullovitch
84997,fox
136596,furgeson
331656,gunther
248229,halina
261760,henry
100845,
321179,
58101,jill
293297,ki rbo
233523,kid blink
296617,kitten smith
290544,lowell
280407,m.c.s. jack
164583,martin
210179,monster
296830,morris
328734,mr. young
312577,mrs. bretsaws
251982,mrs. lichtenstien
130869,newman
11732,nick
95301,nick 
248948,norrington 
234881,oogie boogie (voice)
234971,oogie boogie (voice)
36971,orchid
287128,owen hannah
112184,pendejo bob
194274,perry
199105,philip
281645,phyllis
3265,pilot
181906,pop
231016,ramon
203547,ray
327812,reilly
173667,sallah
240662,scanlon
6453,seth 
336248,sheriff
238215,siren
339927,stemler
290208,t.j.
267028,tony
327858,wallace
305134,wasim khan
178252,wife 
75545,willie
251521,young man 
221804,ziat
183128,
189254,
239064,
337505,
205887,alice
152418,an adelie
217611,ax
100567,b illy
222550,baker
302635,beggar woman
102107,betina
104179,bill siddons
320423,bit
90423,black dude
32131,black widow
168631,brad
140859,brady
130328,brandon
306862,cap
232646,charley
95781,chayas father
33083,cheiko
269573,chris 
202102,clapper
205641,clay 
168822,cristina
313905,darryl
171733,davis
207722,deng
343382,dr. cornelius
187193,dredd
41731,dupont
97004,el macho
313909,evelyn
154726,farina
296587,father
158749,female cenobite
299308,frank
310237,frank hawking
205143,gamling
74056,gangooly
117043,gary
166568,gates
38398,german officer
232358,grace
111345,gracie hiller
199645,greer
105762,harold
37143,harry
63910,heather
142630,helen raines
230977,himself
248423,hira
164282,hitchcock
100251,
325001,jurgen 
187850,keeper
33124,kenji
294105,kirk 
174509,kliest voice (voice)
220981,korda 
13192,kramer
220031,lama
210406,lieutenant
90598,lieutenant manning
46773,lincoln
160565,lophakin
79720,loretta
167719,lt. commander thompson
144838,mae
319895,man
251472,mandoma
334408,marat buzhayev
236483,margaret 
126277,marie charnier
55515,marine
313604,mary
285288,millbrook club bar
224405,mini  
66497,mom
244388,mrs. singletary
335117,nancy 
185376,needy
58308,nicole
341972,niobe
109799,norman
232263,nurse
268780,nurse
189151,nurse owens
82664,odion
74462,old man
291153,omitted
191898,on billy
68166,pam
184428,patrick
199318,radio
53728,raphael
326257,redfoot
223072,rita
116099,sa'ad
73480,sam
92799,sam 
296842,scott
166664,snickers
43348,sonny 
178047,stepmother
88618,stryver
99438,theo
282039,tina
15631,tom stark
326464,v follower (uncredited)
167029,veteran 2 
185801,woman
182544,yevhen
342248,
88279,
298931,
245318,alien
24395,alvys uncle
205214,anatoly orlov
331528,andrew easton
291108,anton 
261105,approaching officer (uncredited)
144070,bartender
124939,bebe
238411,beech 
203341,ben
163041,benjy mouse
131346,blondell
139791,bonasera
232220,bud hamilton
234304,cabbie
288688,captain
235540,cardinal's secretary
88311,cia analyst
124945,clurman
268834,colonel lee
105261,cook
71081,cruikshank
253084,david morse
135790,dean 
183618,delongpre
112600,delores del ruby
276326,det. moore
142545,detective drycoff
297246,dorothy
106188,dr. hassiem
345052,dwayne
322711,embry call
287868,errol
231080,fake policeman
265228,fanny
123768,feldspar
187224,fergie
131437,flea
67103,frank 
288017,fujiko imada
16899,g
270460,gang
236384,gary 
291114,gary (voice)
171439,george
318576,goyal
7051,h
42639,halle
170650,harold
336863,helen
246272,hendricks
73538,herbert carter
35598,hettie
101374,homer
42725,janey
43300,jay
13187,jimmy
149305,jimmy lang
345196,joanie
75929,julia
292806,kim
107862,kyle
126273,la valle
169156,lindholm
280399,lloyd the bartender
152505,loveday
296299,lyman
280400,m.c.s. danny
267352,ma 
24374,man at health food restaurant
49960,man from lubbock
245079,margaret
247958,mario
103700,marshall
40432,martha
62398,maryanne conroy / donna mitchell / rebecca browning (voice)
218910,mike
58287,mindy
266525,narrator
181073,officer bowers
336434,older chuck 
236503,omit
227777,overmeyers
240405,paul
137336,petrowsky
334776,phil
285894,philipse
263198,pig
245458,publicist
326252,rab in
313309,radio
29090,ralph
155280,ram
58316,randy
194283,raul
51564,reese
248337,regina
313617,rice
143799,room clerk
237355,roscoe
234887,sandy claws
234977,sandy claws
110185,second bobby
110106,sherry
205850,short scientist
79735,simon oliver
232436,soundman
20891,superman
210749,tazinari
137079,team blaze
160767,text voice (voice)
343193,the ayatollah
74883,the helicopter
216526,the mask
270562,tommy repeat timmons
90176,trumayne
87614,uncle sam
84626,vinny
343545,waitress
245168,washington
280465,wendy torrance
235453,wesley
45692,woman
50044,woman
138877,young martin
317618,yung
12674,zedeck
101453,zeke
193857,
259419,
342371,
183345,adele
343721,agent toby lee shavers
166506,almond joy
73909,aloka
296875,alva coleman
299282,alvarez
167943,ambassador geddes
331726,andrew easton
245497,assistant director
197850,barrista
187781,bearded anarchist
96117,billys aunt
185004,blattis
326183,bodi
15682,bookkeeper
8784,branca
287843,btt 
255673,bud
338150,bud
208364,burt
21670,butch
312541,carl
255681,coach clayton
143059,consuelo
230301,cowboy
194074,cox
292153,cruncher 
134102,dave
60100,dave
230837,de sean
146941,deejay
300335,detective hathaway
126115,devereaux
44302,dieter
49708,dina reese
68034,dinah
306882,
216086,dr. keegan
335007,duncan 
22157,eddie
200114,eddie
97001,eduardo
192073,father
33289,father falwell
68058,fidget
256787,figure
278666,floyd
296231,fox 
302647,ghosts
311419,graham parker
58201,grandpa cliff
228507,hackett
211456,harry 
280776,head guard
36788,honeycutt
188142,int. lincoln
239190,isa
195307,jack winthrop
163323,janice walton
269005,javal
48435,jay collis
58271,jill
223527,jim rivaldo
165318,jock
251470,jocko
60253,judy
208490,julia
12252,justice joseph leveau
220020,kay 
271101,kenny
133226,khan
64175,krutch
219325,lady scott (voice)
159537,larry
188375,larry
262390,lee
287467,locke 
262399,madden 
194712,male 
78230,mama
8230,man
200142,manuel
27493,mark lijek
305758,martin
225531,matthias
125960,meagan's dad
324076,mikes mom (uncredited)
54620,mom
20086,monk
121963,moonfish leader
218911,mother
232260,mother
164590,mr. jones
261103,negro woman
251486,nguni
153789,officer palumbo
330105,oleg
143439,omitted
110317,owner
37264,patrick
116072,paul
251005,ponytail
345752,prisoner
232845,professor spaulding
176909,rainey
46294,red manley
71277,reggie's voice 
310676,reston
39168,reynolds
205840,roque 
332798,rorschachs mother
331710,rose narracott
338563,ruby
269795,ruth
17045,s
234892,sally / shock (voice)
234982,sally / shock (voice)
20115,san de 
80498,satan
317473,saunders
247978,sergeant
78279,sergeant bill attwood
133899,sheeny mike
273560,sheriff
288875,sherri
85609,skull cowboy
144338,tall black guy
283475,tammy sturmfuller
61120,the helicopter
273787,tom prinze
1769,utapan
317010,v.o. narration
101439,van dyke
262881,vickers
160175,vicky
256890,
207507,von jackson
332802,wallys girlfriend
328157,walter 
18155,wendy
204527,wilder
161251,woman
236816,young kiriko
193815,
316812,
326247,
7002,
340717,"""hickory"" / the tin man"
36539,116th black
37742,andrews
138852,anna
257598,anna sage
73917,anouar
101332,armando
249633,barnes 
162515,barney balaban
16516,baron van swieten
144194,bartender
199185,blocker
183575,boeman
120269,boss
207287,boss
251440,bretyn
18045,budda
41934,carleton
230829,carlos
152433,caruso
93303,chick
73546,city editor (uncredited)
266171,cleaner
75729,clerk
185238,colin gray
215932,comms
219108,da vinci
305586,dan
75745,de la cruz (film clip)
205105,deagol
318525,demidov
14473,diller
6510,director
249650,doc
134109,doctor
194091,dr. matsutani
132131,driver
237186,driver
173532,eaton
262286,evans
269669,father homeijer
168141,first sergeant
319182,gails mother
291116,gary (voice)
192075,general chiang
134392,geneticist
102332,grace bennett
160987,grandma 
340714,guard
117941,gus mom
58330,guy in diner
115501,hoag
194177,hurley
286805,jamals mother
61973,janitor
286770,javed
202169,jeff
309333,jeremy
185358,jonas
43240,judith
201830,julia
192154,kashag member
336742,keller
190826,kevin fleury
225520,kittridge technician
95825,kosciks wife
244373,laura 
213894,leslie
255866,louanne
190346,mae
345999,male sydney
286819,maman
33371,manager
10151,margaret
266267,marie
65123,maters computer (voice)
51552,michael
244381,mika
104115,mike
186006,miller
47354,miracia
161155,miranda
148538,missy frankenfield
26095,moonby
296628,mother
123107,mr. carr
301497,mr. danvers
111475,mr. hiller
161458,mr. north
161460,mulet
126282,mutchie
166925,narrator 
312578,natalie
256328,nick
57221,norma 
292573,norman 
41451,nuno
125129,odets
165334,odette
274452,omitted
194272,patience
188490,paul
296837,pause
78258,pepe
211936,persky
246689,peter
235885,pierpaolo
313611,pluchinsky
235432,power cop
231015,rachel
255892,ray
306489,ricci
202745,rictor
232852,roger
73721,rogers
253027,root
47579,salome
172355,sir jonathan
233639,snitch
263212,spotted horse
317505,stamper
307084,stan
51330,stella
264403,stewart 
42129,stuart
149345,student (uncredited)
262874,sullivan
281390,swat officer
143451,tadhg murphy
336984,ted 
124252,the old guy
238607,the tet
137428,tolbein
149010,tom
280451,tony's voice
185041,travis
298545,two shot
336468,tyler
139769,victor
95367,vince 
278139,waiter
112389,weirdo
57285,wendell
181161,will 
125173,young man
337006,zukerman
118744,
189286,
276103,
342298,
310415,adlai
310417,admiral anderson
332488,adrian 
195008,aggie
262228,al 
256211,alex
147810,alien
211591,ambassador
195062,ambrose
41407,anna
134976,announcer
22815,anya (cont.)
51017,aunt barbara
44956,avis
124938,barnes
43970,beamen
313572,bev
216747,bob
135367,bobby bennett
52149,bones 
219094,brad helms
282964,brady
5494,bragan
173526,brody
62708,burlesque girls
301088,bus driver
296565,c.o.
274652,cab driver
248989,cannibal island
211870,carcanogues
318726,carl
254862,carmen ghia
268828,carson
31084,celia
334987,cheater
2758,child
43256,christopher
268076,cindy
329136,clay gephardt
144376,clerk
58126,college girl singer
266495,columbia
70785,conners girl
230472,cook
65714,cop 2
227262,cordelia 
48439,cotton 
72782,curly
114374,cut
338713,d.a. meese
231329,danny
223490,david goodstein
183619,delongpree
126113,desk clerk
182181,diane
249971,dick van dyke 
211879,diedrickson
208259,
54480,doc
306886,doc riding
82049,dolarhyde 
43980,don price - age 12
60106,donna
216787,donna
212464,dr. atticus noyle
324873,dr. farge
297910,eazy-e
2132,ed
148365,ed
184309,ed
166817,editor
85383,eric 
299302,erica
143360,father potts
238807,female reporter
63561,flash
150881,franklin
103060,gang leader
320452,gibbs
69622,greek
82147,grey wolf (subtitle)
200125,guidone
189449,gwendolyn
170117,hair person
219171,hal 
341498,hank
134595,harry
75826,hctor 
171817,henry
263148,henry 
149325,high roller (uncredited)
153736,hippie asshole
292232,horuko togokahn
322498,
114572,igrayne
74426,indecisive customer
322118,interviewer
344428,jason
101848,jeff
143215,jenna
10139,jerry
226715,john
229718,john brown
124222,juancho
276359,judge
133576,judge harold pine
167552,kamarov
130374,katie
413,keith
7942,kimberly
281009,king harold (voice)
157751,larry cotton
261093,lecturer 
106360,lewinson
225089,lorenzo
262397,madden
44382,man
41673,mantini
179656,mary
111945,matthew
68945,max
233538,mayer
261877,mcnitt
331692,michael
248329,michal
7954,mike
68620,millie (o.s. on phone)
188487,misha
88001,miss crenshaw
44962,mr. branch
270530,mr. mertle
174777,mrs.himmelstein
21699,nancy (o.s)
3171,narrator
73691,narrator
40147,narrator 
20597,navy seal lt. martin
117667,ned 
137312,odell
231233,oldest lady
163879,on star rep 
203538,pete
187882,pockmarked anarchist
95872,police captains wife
199110,police officer
112202,president
190997,prince thamer
58314,professor douglas
248104,rabbi cohen
324565,regis
83377,renata
295044,renz
57252,reston
28710,reverend harper
22311,rigazzi
109099,rita
183794,rizzo
199764,roberts 
266533,rocky horror
21709,ronald senior
332796,rorschachs mother
202182,script
215305,sebastian  
106409,seroke
129108,shannon
65887,signaller
233654,snyder
244404,sock
296847,spud
229839,stanley
64736,stella
149847,subtitles)
201844,suzanne
201680,talbot
23006,tatiana
136102,the accountant
131523,the spook
37883,the woman
251512,thomas
144195,tim kennedy
58347,tony
145137,transmission
20155,trevor
85050,tsai
138331,vigo
166274,viking
238238,
327417,
299365,waitress
137060,wallow
125327,weird girl
6820,welles 
121573,
232892,williamson
195796,yoritomo
181173,zach
307649,zoe
242325,
242475,
329122,adult landon 
207680,agnete
280479,alvin
211606,ambrose chappell jr
150486,anna
16330,archbishop colloredo
301714,armando
21966,auctioneer
41925,avi
344295,bank customer
131688,baron de cobray
173525,belzig
292622,ben parker
296135,benny
310157,beryl wilde
106154,bester
116312,big ed
188412,black nurse
319464,blaster
273813,bleeker
338146,bob 
18043,bobbie
18152,bobbie
91880,boys
155095,brad
133421,capt. henderson
323202,carla
203399,celie
218854,charlie
58121,chase
315332,cheese
75727,chicharrn
40084,chip potts
249642,chris 
124943,claire
237179,clerk
298283,closeup anne
192481,coates
296872,cole
206718,computer
87830,cop
198367,courfeyrac
82031,creek johnson
121625,dano
220798,dave
64968,david hobbscap (voice)
74556,davis
144806,deputy #1 (uncredited)
13022,detective hallick
220979,detective kimura
241252,dickie van buren
117235,
63386,doctor
305279,doctor shannan
82530,douglas
256540,downs
160935,dustin 
336107,ed
297446,editor
150768,evelda drumgo
200207,feather
203457,fenton
68062,film commissioner
120195,finger 
16371,frau schlumberg
285908,frostee cream boy
91664,general
235339,gina
132468,girl
70040,gladys
256595,glasse
341497,greenhut
291118,ground control (voice)
144822,guard
84252,gully
234001,guy
188445,hamilton
189059,hanzo
255753,harvey 
102839,heidi
45518,helen
104834,horsrik
315347,housewife
157888,ilsa haupstein
248232,itzak heller
251468,jaapie botha
184685,james
312570,jerry
7937,jerry fabin
58276,jimmy
160748,jocelyn (birthday girl)
87580,john mcgovern
121753,jorge
332230,josh rosenthal
307017,juan
191875,judge atkins
26819,judge rittenband
91434,julie
33364,jumbo
245430,keith nash
338540,kelly 
253816,koeppen
211919,krebs
117385,l.c.
173884,lao che
79285,lucius
170113,lucy
244376,mack
57784,madame frou frou
37375,man
74149,manooj
192177,mao tse tung
154618,marcia drucker
191451,maria
306357,marino
70845,marnie rollins
62415,maryanne conroy / donna mitchell / rebecca browning (voice)
342358,mary-kay
132226,matthew
154476,maya
125961,meagan's mom
110281,merricks mother
149893,mickeys father
95881,miriam
121765,mortician
171461,mr nick 
189146,mr. barrel
101403,mrs. juba
181061,mrs. kaspbrak
16480,mrs. weber
29902,new angle
264613,newsreel voice
145570,nick 
137303,nomi 
111061,officers wife
187318,olmeyer
280627,partridge
208537,paula
168127,pele
72289,pilot
227440,police captain
346024,polly
88027,priest
238878,psychologist
6441,rabbi
29606,rathscreen
135004,ray
73720,reilly
75940,remember me
15488,rescue supervisor
193401,resume
335884,rick jones
269027,robbins
161218,robs mom
137366,rodenburg
130091,rosalie
82673,russell
191699,ryan seacrest
83249,s
201841,sally
173669,satipo
287510,security supervisor
303111,senator
173895,shaman
132490,sheraton manager
85607,skank
143449,skipper
111498,slim (cont.)
71830,sloss
324578,somoza
263778,sophie bennett (voice)
199327,spanky
245135,speaker
90684,speakerphone
196516,spook
298198,spreg
80133,suits
200227,supervisor
200228,susan
75969,ta rosita
109115,tad
192203,taktra rinpoche
194772,tall man
152584,teacher
66508,technician
25576,teddy chin
296341,teenager
41473,thalia
85899,the crow
102359,timmy
184481,timmy weldon
298029,tomica
239846,topher
220129,trevor
310051,trucker
313351,tully
266174,tv commentator 1
132258,tv screen
299360,umpire
152923,underwater
77797,updegraf
297416,vanessa damon
178510,
186531,waitress
260393,waski
256716,watts 
47590,wheeler
269050,
71311,
5155,will 
67638,xavier
211099,yogi
291940,zimmer
127871,
164358,
316566,
158669,2nd victim
38347,
116300,adelle
167606,admiral painter
287969,agent
96879,agnes (voice)
301296,alura
166733,ancient sorter
210775,andy
3895,anheuser 
330656,anna
959,armsby
54464,augustus
198828,beggar
183964,ben gardner
270328,benny 
207286,benz 
51130,beverly
208028,billy / contractor
312171,black
188957,black frame
226634,boras vo
181310,boy
181530,boy
301712,boy canter
94229,british accent
226836,bull
253267,carlos
111546,carlsby
315329,carly
230192,carver
287314,casino employee
130340,chantay
68012,chardonnay
118573,charlie
174917,charlie phillips
146219,chinese boy
327285,claire
220788,clarence
142783,clark
148820,clyde
91596,colonel
296876,combs
225904,computer
243654,cop 1
150675,cop one
74386,coroner
65722,cowboy
338710,curator
43370,cynthia benson
21060,dart player
70226,david
235564,de rossi
240364,dinner jacket
66271,doctor
145386,doctor
337823,don jose
54483,donna
167987,downrange
124957,doyle
277520,dr. moth
217207,dujour
185885,dymond
190779,earl
96161,ellerby 
161423,examiner
304994,farooq
23608,father simeon
285202,flan
102214,floyd
163077,fook
52018,frank's pov
274356,futterman
298970,gabe
280960,gingerbread man
227333,glenn
199735,greer
143365,greg
250380,grommet
259026,groupie 1
219968,guard
290849,guzman
125267,gym teacher
38186,harvey dent
101371,hattie
123787,herdmaster
267331,hostess
182198,hotel doc
147339,igarashi
143424,irene murphy
110259,isolation ward
30688,ivana
121953,jacques (voice)
111928,jane
171892,jason
184686,jason
46763,jesse
218140,jimmy
33676,joan
262686,jodie
241240,jordan buck jarrett
238573,julias child
106355,julius
313053,jussac
303660,kaplan
143427,kenifick
13193,kramer 
54399,kuntsler
26084,kurtz's wife
136432,laughlin
9466,laura
158489,leno
124079,lenore
199300,leon
142758,lester
91766,lieutenant
192164,lobsang
298425,long shot
313931,lonnie
55142,lorraine
120524,lou
246304,lucy
112930,lyle
85038,madam yu
279640,maid
224393,male voice 
288837,man
315356,man
288091,maples
299330,marcos
342055,marie
232248,"marthe aka ""l. a. joan"""
201118,mary 
335405,mary 
216464,mask
85041,may
90603,mayor diggs
261398,merchant
266272,mike
155254,milner
12587,mitchell
173888,mola ram
188488,mom
232800,morty
200043,mother
313061,mother
232430,movie mickey
276383,mr. sterner
90612,mr. stockton
58348,mr. turlington
262708,mr. white
18116,mr. wolfe
84272,mrs st john
90615,mrs. cardigan
155564,mrs. carver 
271119,mrs. gwynn
276389,mrs. jenson
164333,narrator
102287,narrator (vo)
107323,navigator
297380,neil
7846,new path farm manager
24308,nikolai levin
109399,norma
220060,obadiah
296311,officer
237346,official
178474,patricia
226751,paul
181085,pennywise
208839,pete
33398,phoebe
274877,pilot
142722,police dispatch 
12126,prep room
30732,president
123816,pyrite
259749,rachels stylist
299341,rafael
327588,ralph
303093,resume sidney
5678,rickey 
201840,roger
13265,rok
261410,rose
135948,rose 
253368,saleswoman 1
266813,sampson
74475,sanford
341323,saurel
237916,scottie
185036,serato
217808,sgt. adams
309738,sheriff kelton
37271,sir charles reginald lyndon
94521,solange
312141,soldier 5
179708,springbok manager
297535,stanley
69146,stargher king
335140,stevie
18004,stevie lucas
316279,steward #1
256701,stillwell
284928,tate
58340,teacher
97812,teran
105948,terry
88051,thompson
183822,thorgan
217183,tirant
65190,tomber (voice)
69774,tomlin
266172,tv commentator 1
184483,underwater
161248,vince
186086,virginia
37456,
203314,
228614,
203889,
237371,
239861,walsh
71840,walt
148586,wannabe
8894,watanabe
254497,watson's voice
173245,whitmores aide
261898,whittlesley
8282,wife
41905,wilson
117155,woman
183320,woman
207064,woman
323533,young salesman
60695,young tom
128510,
239227,
242316,
248477,
260089,
316754,
316769,
107409,
126021,2nd man
303562,
148810,adams
144784,agent
229498,agent
166502,alfred
190749,al-ghazi
24392,alvys aunt
164408,anders
318713,anna
328424,announcer
316546,aphael
86031,aunt helen
148321,aunt meg
295621,bala-tik
189570,bank manager
87821,barber
226622,barry
149177,becky
322442,bella
105253,benicio
265957,bertie
207700,bill wallace
246666,bob
179481,boland botha 
167433,bonavia
144794,bookkeeper
320873,boole
202100,boom
158942,brad
115400,brodie
103582,calvino
1738,cap. mendez
166527,cardinal
227244,carl
318727,carlos
25618,carpenter
230193,carver
2747,centrifuge
179096,chief caveman
211609,cindy fontaine
121272,clear 
313167,clear moon
169087,cleavon
334989,clifford 
75884,coco
92736,coco 
76939,cop 1
249645,crawford
197867,dad
58135,dalton
200198,dealer
49877,debra
204977,denethor
194083,denise
280669,detective heller
140965,devito
294716,dexter jettster (voice)
208410,doc
183160,doctor
304174,doctor
44304,donnelly
116427,doom 
82529,doorman
134534,doreen
241547,doris
63992,dorothy
115232,dr. beasley
181695,dr. campbell (uncredited)
287332,dr. gill
14475,driscoll
146480,driver
296148,driver
230652,egyptologist
48452,elaine
69605,ellis
84417,ellwood
331570,emilie
223808,ernest
51468,ester
239094,eth
144966,explorer captain (voice)
266213,fats
112100,female narrator
188442,fidget
152473,first skua
156544,florid man
15586,floyd mcevoy
266926,francois
75815,frida
119112,friend
127977,frost
128014,frost
8208,gar
343426,general munson
337225,george
288019,gillanders
215227,girl
18072,girl in studebaker
85090,gordon
291769,graces aide
109503,granddaughter
268148,grandma
210599,guardian two
117945,gus mom
203462,h.l.
163839,hagan
110242,hallway
217699,hallway
71856,harvey
289788,hawkins
147011,hawley
246270,hayden
125874,heather
94666,hernandez
58894,highway
124022,hilary
119118,his pov
223698,his pov
112849,hollis
170509,hologram
255754,howard
174240,
104652,ilenka ganush
17972,jackie
32282,jarvis
219686,jay 
41861,jeffrey
208780,jerry
338536,jimmy leach
144831,joe
218141,joey clams scala
125111,judge
197064,judge
327552,judge tower
36888,jukka
48924,kate
161441,kidell
326224,kujan 
174253,l
198003,larry the barista / additional voices (voice)
310640,lemay
25525,len
142421,lenny
24289,levin 
192163,ling rinpoche
225090,lorenzo 
331554,lt.waverley
75495,lucille
192175,lukhangwa
141213,maatrocina
194252,mack
144839,mae
265994,malcolm
25694,male wasp
159027,mama
260623,man
161452,mara
130389,marcus
261397,marguerite
92781,martin
60442,mary 
112520,mary 
306359,matson
85168,matt
154477,maya 
7281,mcguire
174268,miller
12850,milton
38466,miner
51555,miss sellers
36915,mona
319900,morholt
72266,mortician
10157,mother
250167,mr. johnson 
38468,mr. norman
90610,mr. rivers
244386,mrs. alvarado
269014,mrs. han
225112,mrs. lewis
173664,musgrove
291894,nadya
114012,narrator 
107325,night
217062,norman conrad
336227,novello
183284,nurse
227050,o.d. stu
97797,o.s. voice
7969,old lady
231935,olivier
14422,o'neal
327800,parker 
280737,parkins
184431,patrol voice
111956,paulsen
152563,penguins
130411,peter
265293,peter dubois
201839,pilar
44202,ping
74178,poomina
33154,rachel 
176910,rainey
34930,ray
221005,raymond
120541,raymond k. hessel
24515,reporter
14590,revna
336759,rhonda
15572,richard hale
87078,rick ferris
165367,roger rusesabagina
164168,rona
252039,ruby
299346,rudy
144856,ruthie
7105,s
77790,sal
80127,salesgirl
253234,saleswoman
46303,sally
52982,sally
91445,sarah
213189,sarah
208848,saunders
148982,scarpo
117125,scott
8257,secretary
184737,security guard
282914,sen. martins aide
74199,shambu
133,sharon
1171,sheriff
313330,sherman
48562,sj
343725,sky
13714,smokin joe frazier
344900,spungeon
245467,state trooper
32055,steed 
183809,stoney
74484,suited man
92814,sungmi
57269,susan
236523,susan 
209100,suzanne dorn
47584,taffey lewis
192202,takster rinpoche
286852,talkback vo
58338,tammy
37003,tavis smiley
305110,terry george
86845,the girl
247557,thru
122646,tiger man
274925,tim naughton
170571,toller
48579,tom lemming
20156,trevor 
157525,trooper
275510,twiggy munson
219312,uberman
231035,vanessa
92466,vanessa 
83285,verona crew #1
139768,vic jr.
181151,victor
287960,vincent
216034,vincents secretary
88059,
120250,
218699,
58636,
60465,walls 
264467,walter
294896,watto (voice)
138089,werechicken
262505,wilson
31279,woman
133080,woman 
38484,xiou-xiou
237599,young adam franklin
179875,young carol
133154,young englishman
248386,zick-zack
193825,
217807,
242482,
243165,
316777,
316858,
6909,
4687,activist
321963,agent
221644,ahmet
191720,alvarez 
24391,alvys aunt
248798,anamaria
17209,angela 
278148,anjanette
92728,annie
16786,announcer  
213843,anthony
18037,ants
290395,arry
165948,assistant hotel manager
24539,astrid
187971,attendant
80676,attorney
84932,aunt wu
208355,avi
2462,b20
302640,barber customer
95050,barman
132441,barnett
105250,basketball commentary
264985,bearded man
326748,beck 
12692,bernice
155082,betty finn
142226,big dave
75408,bill
240536,billy 
11206,billy travers
121915,bob
113887,bobbie joe
310426,bobby 
84404,bobby beans
139669,boy
74531,brett
256514,brick
38359,bridget
37038,brookside
1557,brother buyl
180534,burdon
194068,busik
312539,businessman
2607,c12
244357,candace
63482,carlos
65700,cashier
154573,cezar
259983,chairman
307781,charlie t
180836,chief borton
176924,chris mccandless - age 4
146930,chubby man
268829,cia chief
144862,city man
282649,clarices father
284726,clarkson
227249,clerk
272186,clerk
287082,clerk
162222,closeup hildy
182922,closeup jackie
281784,col. hardwick
183609,computer voice
168637,conner rhodes
54664,cop #1
329427,croupier
19586,daisy
222015,dali
146465,dan
210510,daniel sanchez
253271,david morse
87037,david wayne
280496,dawn
101348,debbie
227272,deedee
318526,demidov 
161414,dennis
256746,deputy
144860,deputy #1 (uncredited)
261112,desk sergeant #2 (uncredited)
34608,detective cobb
117013,detective sibert
120289,detective stern
69593,detective tomlin
171419,diego
54217,doc
24418,doctor
92355,doctor
340700,doorman
22727,dorothy
143064,dorothy
96807,dr. johnston
208420,dr. landon
205911,dr. rogoff
344319,dunkin donuts cashier
166533,eccentric bald auctioneer
102588,eddie
134535,eddie
89770,eddie black
6305,edith 
148368,emma
328563,engineer
28926,erica
302950,evans
219944,ex
166826,executive
245546,extra
16889,f
303629,fbi geek
280536,figg 
75470,film narrator 
197936,finn
51051,flashback
238809,flower salesman
29775,frank
269299,frank
64707,freddy delois
331782,friend 4
260556,fuhrman
94662,gallegos
150904,gentleman
92757,george
260840,gertrud
188443,girl #1
120202,glamorous japanese girl
85003,governess
280269,grady
245379,grahamclive
82146,greavey
333196,greg
266699,gregory
230877,guadalupe
221707,guard
328034,guard
124190,guinness girl
265244,hal
239116,hank
335045,hank
313592,harry
292501,harry 
294356,head
123786,headmistress
301162,helen 
317237,helmsman
276349,herbie hebden
303141,herbie temple
38403,holmstead
16175,hudgens 
89942,hung fat
74425,impatient customer
224291,ini
141130,instructor
142404,int. patrick
284644,interior day
291879,interrogator
345689,interrogator
12842,jack
177801,jack 
37691,jag lawyer
33674,jalisa
208477,janet
311512,jay
318648,jean luc
248081,jenna
238052,jeremy
345984,jeremy
183271,jezzie 
33677,joan 
318968,johnson
198404,joly
153218,jones
167550,jones
188479,joy
64173,judge tate
77769,junior
256665,kamarov
161440,katherine
111930,katie
314295,kemp
343704,kid
287903,kid 1
210172,korean guy
92773,kurt fletcher
49941,landlady
55137,landlady
228922,larry
64177,laura kinney
219695,laurel 
238055,lawrence
95896,lazar
77002,lenny 
213900,leslie
251471,lewis
4463,lichter
195316,lieutenant
274426,lieutenant
4109,lin
239202,lisa's voice
173886,little maharaja
325008,liz 
278104,loren
65573,lucy 
280408,m.c.s. jack.
42429,mabel
248328,majorek
133861,man
163867,man
181353,man
181573,man
228925,man
268241,man
227409,manager
25145,marlowe 
47567,mary
148947,mary
51313,matty 
65132,mel dorado (voice)
137846,melora
253005,merrit
31249,michael
238175,middle
130078,mike
335849,milena
3147,miller (uncredited)
8233,mimi
306393,miskowsky
125963,miss krepps
123801,morris
25698,motivational counsellor
144756,motorcycle cop
72287,mr. palmer
41875,mrs. aubrey
235208,mrs. lantz
64184,mrs. murchak
91987,mrs. perry
276390,mrs. sterner
280735,mrs. wheatley
25543,multimedia narrator
88010,mystery man
230998,naeem
58301,nana
284007,nancy
248441,nessie
188184,new angle
168348,nicole
27512,night
286832,nita
199497,nurse
102678,officer long
32041,old lady
298998,old lady (nina)
304233,old person 2
261400,old woman 
188880,omitted
273044,other scott
240403,owner
316764,pantera
16491,papagena
207482,patrolman
155270,peter dawson
210429,pierre
167617,pilot
258069,piquett
307626,poppy
13255,porter
332224,principal zito
116084,professor aziz
277665,queen 
306475,radio (prescott)
33400,rajah
200078,ravi patel (7 years)
63948,ray
241287,ray hanley
8252,reb groshkover
255410,resume action.
146200,rev. 43082
223721,reverse
211827,rien
142482,roberta trett
280800,robin hood
174303,robin mann
66501,roger
117412,ron johnson
124237,room 716
111966,ross
187738,ross
324320,saleswoman
308374,sam
189548,sammy 
94019,sarah gold
341531,sara's voice
51566,sattler
226776,schott 
310371,sciama 
195377,sergeant major
40899,shauna
68203,sinclair
278134,skype son
189207,slam
181117,snatch
145023,space station captain (voice)
232863,speedy
292382,sprittle 
5699,stanky
71831,steve-dave
18380,stevie
100347,stuart's voice
298008,suge knight
269238,superindendent chin
216513,swede
189251,the housewife
275722,the stranger
119855,the voice
205115,theoden
128796,thornhill
130100,ticket taker
172019,tim
122163,tita 
119231,todd
302794,todd 
144779,traffic cop
302400,trooper
328940,trudy
172026,tt
296858,uberto
62271,umpire
77798,updegraf 
14599,urioste
317603,valentin
19671,victoria
106430,viviers
78308,
107363,
239863,walsh 
229531,walter
229700,walter
101446,warburton
128821,warden
195427,webb
206892,west
198462,whore 3
21995,wife
33952,woman
214574,woman
323650,yes man (uncredited)
126981,young jason
238252,youngest
219728,zed 
217768,
239120,
260081,
